Redirect 301 /collectif-bam https://collectifbam.fr/philosophie
Redirect 301 /collectif-bam/ https://collectifbam.fr/philosophie/

# Kirby .htaccess

# rewrite rules
<IfModule mod_rewrite.c>

# enable awesome urls. i.e.:
# http://yourdomain.com/about-us/team
RewriteEngine on

# make sure to set the RewriteBase correctly
# if you are running the site in a subfolder.
# Otherwise links or the entire site will break.
#
# If your homepage is http://yourdomain.com/mysite
# Set the RewriteBase to:
#
# RewriteBase /mysite

# In some enviroments it's necessary to
# set the RewriteBase to:
#
# RewriteBase /

# block text files in the content folder from being accessed directly
RewriteRule ^content/(.*)\.(txt|md|mdown)$ index.php [L]

# block all files in the site folder from being accessed directly
# except for requests to plugin assets files
#RewriteRule ^assets/plugins/([a-zA-Z0-9\.\-_%=]+)/(.*)$ site/plugins/$1/assets/$2 [L,N]
#RewriteCond $1 !^plugins/[a-zA-Z0-9\.\-_%=]+/assets/.*
RewriteRule ^site/(.*) index.php [L]

# block direct access to kirby and the panel sources
RewriteRule ^(kirby|panel\/app|panel\/tests)/(.*) index.php [L]

# make panel links work
RewriteCond %{REQUEST_FILENAME} !-f
RewriteCond %{REQUEST_FILENAME} !-d
RewriteRule ^panel/(.*) panel/index.php [L]

# make site links work
RewriteCond %{REQUEST_FILENAME} !-f
RewriteCond %{REQUEST_FILENAME} !-d
RewriteRule ^(.*) index.php [L]

</IfModule>

# Additional recommended values
# Remove comments for those you want to use.
#
AddDefaultCharset UTF-8
#
# php_flag short_open_tag on

RedirectPermanent /project/blockchain-corvee-de-vaisselle/ /projets/realisations/blockchain-vaisselle/
RedirectPermanent /project/phyviz/ /projets/realisations/phyviz/
RedirectPermanent /project/de-la-cuisine-a-la-cuisine/ /projets/realisations/cuisine-low-tech/
RedirectPermanent /project/mobil-ier-dexposition-01/ /projets/realisations/mobil-ier-d-exposition/
RedirectPermanent /project/cookieviz-datafiction/ /projets/realisations/datafiction/
RedirectPermanent /project/ /projets/realisations/
RedirectPermanent /equipe/ /ecosysteme/collectif/
RedirectPermanent /project/biceps-cultivatus/ /projets/realisations/cuisine-low-tech/
RedirectPermanent /projets/realisations/ples/ /projets/realisations/vrap/
RedirectPermanent http://collectifbam.fr/project/biceps-cultivatus/ https://www.collectifbam.fr/projets/realisations/cuisine-low-tech/
